numEdge,matrix,list(binary)
1999,0.7622220516204834,0.0013408660888671875
